symbol,timestamp,open,high,low,close,volume
ETH-USD,2024-01-01 00:00:00,3004.67885003715,3010.6882077372243,2998.6694923370756,3004.67885003715,455
ETH-USD,2024-01-01 01:00:00,3003.612278380369,3009.6195029371297,2997.605053823608,3003.612278380369,118
ETH-USD,2024-01-01 02:00:00,2987.8001804794926,2993.7757808404517,2981.8245801185335,2987.8001804794926,288
ETH-USD,2024-01-01 03:00:00,2986.6896691233683,2992.663048461615,2980.7162897851217,2986.6896691233683,197
ETH-USD,2024-01-01 04:00:00,2989.230369003639,2995.2088297416467,2983.2519082656318,2989.230369003639,386
ETH-USD,2024-01-01 05:00:00,2986.713891250993,2992.687319033495,2980.7404634684913,2986.713891250993,495
ETH-USD,2024-01-01 06:00:00,2982.4119248256493,2988.3767486753004,2976.447100975998,2982.4119248256493,122
ETH-USD,2024-01-01 07:00:00,3002.9768676518843,3008.982821387188,2996.9709139165807,3002.9768676518843,250
ETH-USD,2024-01-01 08:00:00,2993.554313001399,2999.5414216274016,2987.567204375396,2993.554313001399,110
ETH-USD,2024-01-01 09:00:00,2977.563733585694,2983.5188610528653,2971.608606118523,2977.563733585694,476
ETH-USD,2024-01-01 10:00:00,2969.1251033937,2975.0633536004875,2963.1868531869127,2969.1251033937,340
ETH-USD,2024-01-01 11:00:00,2989.6380039730016,2995.6172799809474,2983.6587279650557,2989.6380039730016,180
ETH-USD,2024-01-01 12:00:00,2986.877501242895,2992.8512562453807,2980.9037462404094,2986.877501242895,492
ETH-USD,2024-01-01 13:00:00,2980.9733546262796,2986.935301335532,2975.011407917027,2980.9733546262796,354
ETH-USD,2024-01-01 14:00:00,2969.1745319172765,2975.112880981111,2963.2361828534417,2969.1745319172765,367
ETH-USD,2024-01-01 15:00:00,2967.1592472905304,2973.0935657851114,2961.2249287959494,2967.1592472905304,129
ETH-USD,2024-01-01 16:00:00,2970.543569998768,2976.4846571387657,2964.60248285877,2970.543569998768,198
ETH-USD,2024-01-01 17:00:00,2975.9848846775253,2981.9368544468803,2970.0329149081704,2975.9848846775253,130
ETH-USD,2024-01-01 18:00:00,2987.468632530907,2993.443569795969,2981.4936952658454,2987.468632530907,247
ETH-USD,2024-01-01 19:00:00,2996.9885883632173,3002.9825655399436,2990.994611186491,2996.9885883632173,249
ETH-USD,2024-01-01 20:00:00,2996.3577308536096,3002.3504463153167,2990.3650153919025,2996.3577308536096,192
ETH-USD,2024-01-01 21:00:00,2981.4272314522505,2987.390085915155,2975.464376989346,2981.4272314522505,108
ETH-USD,2024-01-01 22:00:00,2988.7479894813887,2994.7254854603516,2982.770493502426,2988.7479894813887,319
ETH-USD,2024-01-01 23:00:00,2989.9481002039624,2995.9279964043703,2983.9682040035545,2989.9481002039624,384
ETH-USD,2024-01-02 00:00:00,2980.251191356342,2986.2116937390547,2974.2906889736296,2980.251191356342,225
ETH-USD,2024-01-02 01:00:00,2989.6671714938193,2995.646505836807,2983.6878371508315,2989.6671714938193,377
ETH-USD,2024-01-02 02:00:00,2999.7937969890268,3005.793384583005,2993.7942093950487,2999.7937969890268,472
ETH-USD,2024-01-02 03:00:00,2999.0701047715697,3005.068244981113,2993.0719645620266,2999.0701047715697,451
ETH-USD,2024-01-02 04:00:00,3018.783586436136,3024.821153609008,3012.746019263264,3018.783586436136,63
ETH-USD,2024-01-02 05:00:00,3021.8633581800595,3027.9070848964197,3015.8196314636994,3021.8633581800595,208
ETH-USD,2024-01-02 06:00:00,3030.0428291918442,3036.102914850228,3023.9827435334605,3030.0428291918442,350
ETH-USD,2024-01-02 07:00:00,3011.7542360362554,3017.777744508328,3005.730727564183,3011.7542360362554,147
ETH-USD,2024-01-02 08:00:00,3012.473965705782,3018.4989136371937,3006.4490177743705,3012.473965705782,232
ETH-USD,2024-01-02 09:00:00,3021.631730238729,3027.6749936992064,3015.588466778251,3021.631730238729,413
ETH-USD,2024-01-02 10:00:00,3033.7230278909883,3039.7904739467704,3027.6555818352062,3033.7230278909883,53
ETH-USD,2024-01-02 11:00:00,3036.6155165406176,3042.688747573699,3030.5422855075362,3036.6155165406176,398
ETH-USD,2024-01-02 12:00:00,3047.8220973374937,3053.9177415321687,3041.7264531428186,3047.8220973374937,210
ETH-USD,2024-01-02 13:00:00,3055.466593376835,3061.577526563589,3049.3556601900814,3055.466593376835,65
ETH-USD,2024-01-02 14:00:00,3064.7259129444374,3070.855364770326,3058.5964611185486,3064.7259129444374,499
ETH-USD,2024-01-02 15:00:00,3062.9214525950547,3069.0472955002447,3056.7956096898647,3062.9214525950547,360
ETH-USD,2024-01-02 16:00:00,3065.27525987415,3071.4058103938983,3059.1447093544016,3065.27525987415,300
ETH-USD,2024-01-02 17:00:00,3065.092432049715,3071.222616913815,3058.9622471856155,3065.092432049715,296
ETH-USD,2024-01-02 18:00:00,3061.0679748528746,3067.1901108025804,3054.945838903169,3061.0679748528746,145
ETH-USD,2024-01-02 19:00:00,3050.173617750596,3056.273964986097,3044.073270515095,3050.173617750596,276
ETH-USD,2024-01-02 20:00:00,3049.951467994684,3056.051370930674,3043.8515650586946,3049.951467994684,321
ETH-USD,2024-01-02 21:00:00,3044.871249241058,3050.9609917395405,3038.781506742576,3044.871249241058,489
ETH-USD,2024-01-02 22:00:00,3038.68063924132,3044.758000519803,3032.603277962837,3038.68063924132,463
ETH-USD,2024-01-02 23:00:00,3024.812907197447,3030.862533011842,3018.7632813830523,3024.812907197447,458
ETH-USD,2024-01-03 00:00:00,3027.4170347981303,3033.4718688677267,3021.362200728534,3027.4170347981303,114
ETH-USD,2024-01-03 01:00:00,3008.4785645519555,3014.4955216810595,3002.4616074228516,3008.4785645519555,226
ETH-USD,2024-01-03 02:00:00,3005.7676802817964,3011.77921564236,2999.7561449212326,3005.7676802817964,207
ETH-USD,2024-01-03 03:00:00,2998.5106727709626,3004.5076941165044,2992.513651425421,2998.5106727709626,373
ETH-USD,2024-01-03 04:00:00,3004.512546548142,3010.521571641238,2998.5035214550458,3004.512546548142,481
ETH-USD,2024-01-03 05:00:00,3019.0601242765188,3025.098244525072,3013.0220040279655,3019.0601242765188,242
ETH-USD,2024-01-03 06:00:00,3016.840484539527,3022.874165508606,3010.806803570448,3016.840484539527,189
ETH-USD,2024-01-03 07:00:00,3008.847450945863,3014.865145847755,3002.829756043971,3008.847450945863,236
ETH-USD,2024-01-03 08:00:00,3007.3515447877935,3013.366247877369,3001.336841698218,3007.3515447877935,489
ETH-USD,2024-01-03 09:00:00,2999.9030732287874,3005.902879375245,2993.90326708233,2999.9030732287874,368
ETH-USD,2024-01-03 10:00:00,2999.4579142249886,3005.456830053439,2993.4589983965384,2999.4579142249886,382
ETH-USD,2024-01-03 11:00:00,3005.530192224346,3011.541252608795,2999.5191318398975,3005.530192224346,275
ETH-USD,2024-01-03 12:00:00,3016.053481364185,3022.0855883269132,3010.0213744014563,3016.053481364185,415
ETH-USD,2024-01-03 13:00:00,3030.72153169234,3036.7829747557244,3024.6600886289552,3030.72153169234,379
ETH-USD,2024-01-03 14:00:00,3029.555811394097,3035.6149230168853,3023.4966997713086,3029.555811394097,474
ETH-USD,2024-01-03 15:00:00,3025.0011168935252,3031.051119127312,3018.9511146597383,3025.0011168935252,290
ETH-USD,2024-01-03 16:00:00,3029.677219760895,3035.7365742004167,3023.617865321373,3029.677219760895,264
ETH-USD,2024-01-03 17:00:00,3040.531177425466,3046.612239780317,3034.450115070615,3040.531177425466,226
ETH-USD,2024-01-03 18:00:00,3063.350651663601,3069.4773529669283,3057.223950360274,3063.350651663601,290
ETH-USD,2024-01-03 19:00:00,3067.666491117106,3073.80182409934,3061.531158134872,3067.666491117106,110
ETH-USD,2024-01-03 20:00:00,3068.6665703121885,3074.803903452813,3062.529237171564,3068.6665703121885,387
ETH-USD,2024-01-03 21:00:00,3052.935655919843,3059.0415272316827,3046.8297846080036,3052.935655919843,111
ETH-USD,2024-01-03 22:00:00,3073.41176882064,3079.5585923582817,3067.2649452829987,3073.41176882064,430
ETH-USD,2024-01-03 23:00:00,3067.2716593096384,3073.4062026282577,3061.137115991019,3067.2716593096384,138
ETH-USD,2024-01-04 00:00:00,3081.51151584966,3087.6745388813592,3075.348492817961,3081.51151584966,147
ETH-USD,2024-01-04 01:00:00,3098.1135690417636,3104.309796179847,3091.91734190368,3098.1135690417636,316
ETH-USD,2024-01-04 02:00:00,3094.744045000224,3100.9335330902245,3088.5545569102237,3094.744045000224,78
ETH-USD,2024-01-04 03:00:00,3100.16418321296,3106.3645115793856,3093.963854846534,3100.16418321296,186
ETH-USD,2024-01-04 04:00:00,3099.52223982648,3105.721284306133,3093.323195346827,3099.52223982648,74
ETH-USD,2024-01-04 05:00:00,3097.778027101612,3103.9735831558155,3091.582471047409,3097.778027101612,310
ETH-USD,2024-01-04 06:00:00,3089.357933773682,3095.5366496412294,3083.1792179061345,3089.357933773682,173
ETH-USD,2024-01-04 07:00:00,3098.392918157485,3104.5897039938,3092.19613232117,3098.392918157485,87
ETH-USD,2024-01-04 08:00:00,3106.6107934702814,3112.824015057222,3100.397571883341,3106.6107934702814,139
ETH-USD,2024-01-04 09:00:00,3097.7505798876105,3103.9460810473856,3091.5550787278353,3097.7505798876105,451
ETH-USD,2024-01-04 10:00:00,3092.9402877823736,3099.1261683579382,3086.754407206809,3092.9402877823736,130
ETH-USD,2024-01-04 11:00:00,3095.0167760970066,3101.2068096492007,3088.8267425448125,3095.0167760970066,163
ETH-USD,2024-01-04 12:00:00,3062.6972909388096,3068.822685520687,3056.571896356932,3062.6972909388096,398
ETH-USD,2024-01-04 13:00:00,3054.701599840135,3060.811003039815,3048.5921966404544,3054.701599840135,164
ETH-USD,2024-01-04 14:00:00,3050.216325495879,3056.316758146871,3044.115892844887,3050.216325495879,403
ETH-USD,2024-01-04 15:00:00,3059.7710751569193,3065.8906173072332,3053.6515330066054,3059.7710751569193,89
ETH-USD,2024-01-04 16:00:00,3044.722543315363,3050.811988401994,3038.6330982287323,3044.722543315363,311
ETH-USD,2024-01-04 17:00:00,3048.947539332235,3055.0454344108994,3042.8496442535707,3048.947539332235,265
ETH-USD,2024-01-04 18:00:00,3054.350166110137,3060.4588664423572,3048.2414657779163,3054.350166110137,402
ETH-USD,2024-01-04 19:00:00,3064.509273006698,3070.6382915527115,3058.3802544606847,3064.509273006698,108
ETH-USD,2024-01-04 20:00:00,3068.238329633118,3074.3748062923846,3062.1018529738517,3068.238329633118,412
ETH-USD,2024-01-04 21:00:00,3074.8197654102214,3080.969404941042,3068.670125879401,3074.8197654102214,94
ETH-USD,2024-01-04 22:00:00,3084.659262666656,3090.8285811919895,3078.4899441413227,3084.659262666656,240
ETH-USD,2024-01-04 23:00:00,3095.4798980882465,3101.670857884423,3089.28893829207,3095.4798980882465,204
ETH-USD,2024-01-05 00:00:00,3089.4512219994886,3095.6301244434876,3083.2723195554895,3089.4512219994886,284
ETH-USD,2024-01-05 01:00:00,3093.9052415694487,3100.0930520525876,3087.7174310863097,3093.9052415694487,94
ETH-USD,2024-01-05 02:00:00,3092.354099055489,3098.5388072535998,3086.169390857378,3092.354099055489,412
ETH-USD,2024-01-05 03:00:00,3093.715171064378,3099.9026014065066,3087.5277407222493,3093.715171064378,486
ETH-USD,2024-01-05 04:00:00,3087.3154470072172,3093.490077901232,3081.1408161132026,3087.3154470072172,405
ETH-USD,2024-01-05 05:00:00,3091.8996984520645,3098.083497848969,3085.71589905516,3091.8996984520645,307
ETH-USD,2024-01-05 06:00:00,3092.166326780157,3098.3506594337173,3085.9819941265964,3092.166326780157,344
ETH-USD,2024-01-05 07:00:00,3104.025884180048,3110.233935948408,3097.8178324116875,3104.025884180048,499
ETH-USD,2024-01-05 08:00:00,3111.6408607846197,3117.8641425061887,3105.4175790630507,3111.6408607846197,162
ETH-USD,2024-01-05 09:00:00,3097.7374918780984,3103.9329668618548,3091.542016894342,3097.7374918780984,282
ETH-USD,2024-01-05 10:00:00,3085.100059823676,3091.2702599433233,3078.929859704029,3085.100059823676,237
ETH-USD,2024-01-05 11:00:00,3092.0068605872584,3098.1908743084327,3085.822846866084,3092.0068605872584,497
ETH-USD,2024-01-05 12:00:00,3105.8757519831647,3112.087503487131,3099.6640004791984,3105.8757519831647,375
ETH-USD,2024-01-05 13:00:00,3107.86628064852,3114.082013209817,3101.650548087223,3107.86628064852,463
ETH-USD,2024-01-05 14:00:00,3107.433475733633,3113.6483426851,3101.2186087821656,3107.433475733633,368
ETH-USD,2024-01-05 15:00:00,3104.357911457358,3110.5666272802728,3098.1491956344435,3104.357911457358,461
ETH-USD,2024-01-05 16:00:00,3110.019296475216,3116.2393350681664,3103.7992578822655,3110.019296475216,327
ETH-USD,2024-01-05 17:00:00,3111.76037039696,3117.9838911377537,3105.536849656166,3111.76037039696,245
ETH-USD,2024-01-05 18:00:00,3116.6020173028414,3122.835221337447,3110.368813268236,3116.6020173028414,373
ETH-USD,2024-01-05 19:00:00,3110.7611306019526,3116.9826528631565,3104.5396083407486,3110.7611306019526,268
ETH-USD,2024-01-05 20:00:00,3115.3378650259706,3121.5685407560227,3109.1071892959185,3115.3378650259706,450
ETH-USD,2024-01-05 21:00:00,3109.694926703257,3115.9143165566634,3103.4755368498504,3109.694926703257,443
ETH-USD,2024-01-05 22:00:00,3103.2072793600914,3109.4136939188115,3097.0008648013713,3103.2072793600914,169
ETH-USD,2024-01-05 23:00:00,3102.820277472198,3109.0259180271423,3096.614636917254,3102.820277472198,259
ETH-USD,2024-01-06 00:00:00,3106.237434544086,3112.4499094131743,3100.024959674998,3106.237434544086,56
ETH-USD,2024-01-06 01:00:00,3101.3376054120167,3107.540280622841,3095.1349302011927,3101.3376054120167,78
ETH-USD,2024-01-06 02:00:00,3115.9032610441386,3122.135067566227,3109.67145452205,3115.9032610441386,107
ETH-USD,2024-01-06 03:00:00,3115.288646685463,3121.519223978834,3109.058069392092,3115.288646685463,75
ETH-USD,2024-01-06 04:00:00,3114.2326406397956,3120.461105921075,3108.004175358516,3114.2326406397956,53
ETH-USD,2024-01-06 05:00:00,3102.788442491909,3108.9940193768925,3096.582865606925,3102.788442491909,148
ETH-USD,2024-01-06 06:00:00,3091.340369014168,3097.5230497521966,3085.1576882761397,3091.340369014168,424
ETH-USD,2024-01-06 07:00:00,3089.6920015211217,3095.871385524164,3083.5126175180794,3089.6920015211217,334
ETH-USD,2024-01-06 08:00:00,3080.2261169207827,3086.3865691546243,3074.065664686941,3080.2261169207827,179
ETH-USD,2024-01-06 09:00:00,3086.771811007965,3092.945354629981,3080.598267385949,3086.771811007965,224
ETH-USD,2024-01-06 10:00:00,3097.160525411601,3103.3548464624246,3090.9662043607777,3097.160525411601,76
ETH-USD,2024-01-06 11:00:00,3109.3374192135775,3115.5560940520045,3103.1187443751505,3109.3374192135775,244
ETH-USD,2024-01-06 12:00:00,3115.4025037715082,3121.6333087790513,3109.171698763965,3115.4025037715082,406
ETH-USD,2024-01-06 13:00:00,3114.475585568512,3120.704536739649,3108.246634397375,3114.475585568512,492
ETH-USD,2024-01-06 14:00:00,3097.220402590726,3103.414843395907,3091.0259617855445,3097.220402590726,107
ETH-USD,2024-01-06 15:00:00,3091.9551023928743,3098.13901259766,3085.7711921880887,3091.9551023928743,429
ETH-USD,2024-01-06 16:00:00,3100.694511991709,3106.8959010156923,3094.493122967726,3100.694511991709,212
ETH-USD,2024-01-06 17:00:00,3108.6952004059976,3114.9125908068095,3102.477810005186,3108.6952004059976,369
ETH-USD,2024-01-06 18:00:00,3112.4514519745812,3118.67635487853,3106.2265490706322,3112.4514519745812,323
ETH-USD,2024-01-06 19:00:00,3118.892949595059,3125.1307354942487,3112.655163695869,3118.892949595059,320
ETH-USD,2024-01-06 20:00:00,3142.4301075914173,3148.7149678066003,3136.1452473762342,3142.4301075914173,109
ETH-USD,2024-01-06 21:00:00,3126.8146146952804,3133.068243924671,3120.5609854658896,3126.8146146952804,479
ETH-USD,2024-01-06 22:00:00,3125.3263557257296,3131.577008437181,3119.075703014278,3125.3263557257296,99
ETH-USD,2024-01-06 23:00:00,3114.2004296986715,3120.428830558069,3107.972028839274,3114.2004296986715,248
ETH-USD,2024-01-07 00:00:00,3105.377568740216,3111.5883238776964,3099.166813602735,3105.377568740216,230
ETH-USD,2024-01-07 01:00:00,3108.3889691641994,3114.605747102528,3102.172191225871,3108.3889691641994,73
ETH-USD,2024-01-07 02:00:00,3110.2215618725213,3116.4420049962664,3104.001118748776,3110.2215618725213,95
ETH-USD,2024-01-07 03:00:00,3116.837038195423,3123.0707122718136,3110.603364119032,3116.837038195423,64
ETH-USD,2024-01-07 04:00:00,3107.1993027294784,3113.4137013349373,3100.9849041240195,3107.1993027294784,322
ETH-USD,2024-01-07 05:00:00,3106.735399337236,3112.94887013591,3100.5219285385615,3106.735399337236,431
ETH-USD,2024-01-07 06:00:00,3100.431283611296,3106.6321461785183,3094.2304210440734,3100.431283611296,215
ETH-USD,2024-01-07 07:00:00,3117.1823597856473,3123.4167245052186,3110.947995066076,3117.1823597856473,481
ETH-USD,2024-01-07 08:00:00,3110.254430644624,3116.474939505913,3104.033921783335,3110.254430644624,166
ETH-USD,2024-01-07 09:00:00,3110.1211030750533,3116.3413452812033,3103.9008608689032,3110.1211030750533,435
ETH-USD,2024-01-07 10:00:00,3104.2000075379024,3110.408407552978,3097.9916075228266,3104.2000075379024,254
ETH-USD,2024-01-07 11:00:00,3113.4730498397385,3119.699995939418,3107.246103740059,3113.4730498397385,258
ETH-USD,2024-01-07 12:00:00,3109.248319233976,3115.466815872444,3103.029822595508,3109.248319233976,144
ETH-USD,2024-01-07 13:00:00,3086.638991066935,3092.812269049069,3080.465713084801,3086.638991066935,215
ETH-USD,2024-01-07 14:00:00,3096.116715385251,3102.3089488160217,3089.9244819544806,3096.116715385251,338
ETH-USD,2024-01-07 15:00:00,3085.9587068042433,3092.1306242178516,3079.786789390635,3085.9587068042433,151
ETH-USD,2024-01-07 16:00:00,3088.34721099673,3094.5239054187236,3082.1705165747367,3088.34721099673,228
ETH-USD,2024-01-07 17:00:00,3092.6935968435832,3098.8789840372706,3086.508209649896,3092.6935968435832,137
ETH-USD,2024-01-07 18:00:00,3089.6934717818717,3095.8728587254354,3083.514084838308,3089.6934717818717,359
ETH-USD,2024-01-07 19:00:00,3090.134712931695,3096.3149823575586,3083.9544435058315,3090.134712931695,135
ETH-USD,2024-01-07 20:00:00,3084.4844425674314,3090.653411452566,3078.3154736822967,3084.4844425674314,473
ETH-USD,2024-01-07 21:00:00,3073.875439687288,3080.0231905666624,3067.727688807913,3073.875439687288,465
ETH-USD,2024-01-07 22:00:00,3083.310465548548,3089.477086479645,3077.143844617451,3083.310465548548,463
ETH-USD,2024-01-07 23:00:00,3084.1576273483765,3090.325942603073,3077.98931209368,3084.1576273483765,466
ETH-USD,2024-01-08 00:00:00,3079.798711759636,3085.958309183155,3073.6391143361166,3079.798711759636,152
ETH-USD,2024-01-08 01:00:00,3089.732210833023,3095.9116752546893,3083.552746411357,3089.732210833023,243
ETH-USD,2024-01-08 02:00:00,3098.2534098971646,3104.449916716959,3092.0569030773704,3098.2534098971646,155
ETH-USD,2024-01-08 03:00:00,3103.3889887907712,3109.595766768353,3097.1822108131896,3103.3889887907712,424
ETH-USD,2024-01-08 04:00:00,3106.665153386955,3112.878483693729,3100.451823080181,3106.665153386955,366
ETH-USD,2024-01-08 05:00:00,3107.9026688919735,3114.1184742297573,3101.6868635541896,3107.9026688919735,172
ETH-USD,2024-01-08 06:00:00,3108.458645049439,3114.675562339538,3102.24172775934,3108.458645049439,419
ETH-USD,2024-01-08 07:00:00,3102.4257163910606,3108.6305678238427,3096.2208649582785,3102.4257163910606,253
ETH-USD,2024-01-08 08:00:00,3106.085925533546,3112.298097384613,3099.8737536824788,3106.085925533546,367
ETH-USD,2024-01-08 09:00:00,3112.4358064529115,3118.660678065817,3106.210934840006,3112.4358064529115,133
ETH-USD,2024-01-08 10:00:00,3122.235802808671,3128.4802744142885,3115.9913312030535,3122.235802808671,56
ETH-USD,2024-01-08 11:00:00,3117.2224111872965,3123.4568560096714,3110.9879663649217,3117.2224111872965,133
ETH-USD,2024-01-08 12:00:00,3137.383529448481,3143.658296507378,3131.108762389584,3137.383529448481,71
ETH-USD,2024-01-08 13:00:00,3148.41682176454,3154.7136554080694,3142.119988121011,3148.41682176454,459
ETH-USD,2024-01-08 14:00:00,3142.9414014607128,3149.2272842636344,3136.655518657791,3142.9414014607128,237
ETH-USD,2024-01-08 15:00:00,3142.714120802145,3148.999549043749,3136.4286925605406,3142.714120802145,411
ETH-USD,2024-01-08 16:00:00,3158.6066529608734,3164.923866266795,3152.289439654952,3158.6066529608734,61
ETH-USD,2024-01-08 17:00:00,3154.2449762037986,3160.553466156206,3147.936486251391,3154.2449762037986,136
ETH-USD,2024-01-08 18:00:00,3151.42220930658,3157.725053725193,3145.119364887967,3151.42220930658,292
ETH-USD,2024-01-08 19:00:00,3171.8779947414823,3178.221750730965,3165.5342387519995,3171.8779947414823,171
ETH-USD,2024-01-08 20:00:00,3168.5149152078543,3174.85194503827,3162.1778853774385,3168.5149152078543,222
ETH-USD,2024-01-08 21:00:00,3149.2503876493183,3155.548888424617,3142.9518868740197,3149.2503876493183,441
ETH-USD,2024-01-08 22:00:00,3147.492572086481,3153.787557230654,3141.1975869423077,3147.492572086481,337
ETH-USD,2024-01-08 23:00:00,3157.3388590226828,3163.653536740728,3151.0241813046373,3157.3388590226828,356
ETH-USD,2024-01-09 00:00:00,3144.918951878104,3151.20878978186,3138.629113974348,3144.918951878104,361
ETH-USD,2024-01-09 01:00:00,3156.2259886129327,3162.5384405901586,3149.913536635707,3156.2259886129327,410
ETH-USD,2024-01-09 02:00:00,3148.2403598075657,3154.5368405271806,3141.943879087951,3148.2403598075657,292
ETH-USD,2024-01-09 03:00:00,3148.1123881055055,3154.4086128817166,3141.8161633292943,3148.1123881055055,84
ETH-USD,2024-01-09 04:00:00,3144.2183639949026,3150.5068007228924,3137.9299272669127,3144.2183639949026,256
ETH-USD,2024-01-09 05:00:00,3130.8998230998186,3137.161622746018,3124.638023453619,3130.8998230998186,402
ETH-USD,2024-01-09 06:00:00,3127.7380269875553,3133.9935030415304,3121.48255093358,3127.7380269875553,262
ETH-USD,2024-01-09 07:00:00,3131.038616422014,3137.300693654858,3124.77653918917,3131.038616422014,208
ETH-USD,2024-01-09 08:00:00,3141.664604937025,3147.947934146899,3135.381275727151,3141.664604937025,342
ETH-USD,2024-01-09 09:00:00,3139.0751114943714,3145.35326171736,3132.7969612713828,3139.0751114943714,53
ETH-USD,2024-01-09 10:00:00,3147.3037232845427,3153.5983307311117,3141.0091158379737,3147.3037232845427,493
ETH-USD,2024-01-09 11:00:00,3154.5562803033317,3160.8653928639383,3148.247167742725,3154.5562803033317,201
ETH-USD,2024-01-09 12:00:00,3163.568470257952,3169.895607198468,3157.241333317436,3163.568470257952,154
ETH-USD,2024-01-09 13:00:00,3191.530108273256,3197.9131684898025,3185.147048056709,3191.530108273256,469
ETH-USD,2024-01-09 14:00:00,3190.7368447059525,3197.1183183953644,3184.3553710165406,3190.7368447059525,277
ETH-USD,2024-01-09 15:00:00,3187.1648290178055,3193.539158675841,3180.79049935977,3187.1648290178055,115
ETH-USD,2024-01-09 16:00:00,3199.756777637414,3206.156291192689,3193.357264082139,3199.756777637414,344
ETH-USD,2024-01-09 17:00:00,3203.973763566392,3210.3817110935247,3197.565816039259,3203.973763566392,475
ETH-USD,2024-01-09 18:00:00,3191.6972209770693,3198.0806154190236,3185.313826535115,3191.6972209770693,67
ETH-USD,2024-01-09 19:00:00,3176.8675122108166,3183.221247235238,3170.513777186395,3176.8675122108166,89
ETH-USD,2024-01-09 20:00:00,3172.201906346989,3178.546310159683,3165.857502534295,3172.201906346989,331
ETH-USD,2024-01-09 21:00:00,3178.1265295093017,3184.48278256832,3171.7702764502833,3178.1265295093017,57
ETH-USD,2024-01-09 22:00:00,3193.924886553281,3200.3127363263875,3187.5370367801743,3193.924886553281,347
ETH-USD,2024-01-09 23:00:00,3179.1649419577075,3185.523271841623,3172.806612073792,3179.1649419577075,477
ETH-USD,2024-01-10 00:00:00,3181.3646784459884,3187.7274078028804,3175.0019490890963,3181.3646784459884,342
ETH-USD,2024-01-10 01:00:00,3159.1777208673766,3165.4960763091112,3152.859365425642,3159.1777208673766,374
ETH-USD,2024-01-10 02:00:00,3158.1605351849007,3164.4768562552704,3151.844214114531,3158.1605351849007,365
ETH-USD,2024-01-10 03:00:00,3151.1877722638674,3157.4901478083952,3144.8853967193395,3151.1877722638674,430
ETH-USD,2024-01-10 04:00:00,3158.4830748864683,3164.800041036241,3152.1661087366956,3158.4830748864683,133
ETH-USD,2024-01-10 05:00:00,3131.4918539204095,3137.7548376282502,3125.228870212569,3131.4918539204095,179
ETH-USD,2024-01-10 06:00:00,3134.011610171028,3140.27963339137,3127.743586950686,3134.011610171028,394
ETH-USD,2024-01-10 07:00:00,3127.302162458323,3133.5567667832397,3121.0475581334063,3127.302162458323,77
ETH-USD,2024-01-10 08:00:00,3134.8761110632013,3141.145863285328,3128.606358841075,3134.8761110632013,498
ETH-USD,2024-01-10 09:00:00,3123.1601442872666,3129.4064645758413,3116.913823998692,3123.1601442872666,473
ETH-USD,2024-01-10 10:00:00,3107.996035283187,3114.2120273537535,3101.780043212621,3107.996035283187,456
ETH-USD,2024-01-10 11:00:00,3122.410959567005,3128.6557814861394,3116.166137647871,3122.410959567005,352
ETH-USD,2024-01-10 12:00:00,3126.468327490592,3132.721264145573,3120.215390835611,3126.468327490592,167
ETH-USD,2024-01-10 13:00:00,3123.6591099877237,3129.9064282076993,3117.411791767748,3123.6591099877237,319
ETH-USD,2024-01-10 14:00:00,3118.118020963962,3124.35425700589,3111.881784922034,3118.118020963962,381
ETH-USD,2024-01-10 15:00:00,3099.8565892066094,3106.0563023850227,3093.656876028196,3099.8565892066094,399
ETH-USD,2024-01-10 16:00:00,3098.33641330422,3104.5330861308285,3092.1397404776117,3098.33641330422,313
ETH-USD,2024-01-10 17:00:00,3087.691978566472,3093.8673625236047,3081.516594609339,3087.691978566472,220
ETH-USD,2024-01-10 18:00:00,3075.6823842435283,3081.8337490120152,3069.5310194750414,3075.6823842435283,156
ETH-USD,2024-01-10 19:00:00,3061.7255942342804,3067.849045422749,3055.6021430458118,3061.7255942342804,470
ETH-USD,2024-01-10 20:00:00,3066.3532304641712,3072.4859369250994,3060.220524003243,3066.3532304641712,354
ETH-USD,2024-01-10 21:00:00,3046.5395667240177,3052.632645857466,3040.4464875905696,3046.5395667240177,169
ETH-USD,2024-01-10 22:00:00,3049.8541008308675,3055.953809032529,3043.754392629206,3049.8541008308675,256
ETH-USD,2024-01-10 23:00:00,3061.7369896873474,3067.8604636667224,3055.6135157079725,3061.7369896873474,439
ETH-USD,2024-01-11 00:00:00,3059.357632928106,3065.476348193962,3053.2389176622496,3059.357632928106,419
ETH-USD,2024-01-11 01:00:00,3057.5555196995388,3063.6706307389377,3051.44040866014,3057.5555196995388,383
ETH-USD,2024-01-11 02:00:00,3057.999340255997,3064.115338936509,3051.8833415754852,3057.999340255997,69
ETH-USD,2024-01-11 03:00:00,3051.691817994216,3057.7952016302042,3045.5884343582275,3051.691817994216,331
ETH-USD,2024-01-11 04:00:00,3058.399193181736,3064.5159915680993,3052.2823947953725,3058.399193181736,374
ETH-USD,2024-01-11 05:00:00,3057.6586026112946,3063.7739198165173,3051.543285406072,3057.6586026112946,210
ETH-USD,2024-01-11 06:00:00,3052.257888937135,3058.3624047150092,3046.1533731592604,3052.257888937135,325
ETH-USD,2024-01-11 07:00:00,3052.342971412029,3058.447657354853,3046.2382854692046,3052.342971412029,230
ETH-USD,2024-01-11 08:00:00,3070.3975991693037,3076.5383943676425,3064.256803970965,3070.3975991693037,175
ETH-USD,2024-01-11 09:00:00,3068.434368491299,3074.571237228282,3062.2974997543165,3068.434368491299,266
ETH-USD,2024-01-11 10:00:00,3076.8694424808696,3083.0231813658315,3070.7157035959076,3076.8694424808696,272
ETH-USD,2024-01-11 11:00:00,3080.0677418918563,3086.2278773756398,3073.9076064080728,3080.0677418918563,233
ETH-USD,2024-01-11 12:00:00,3060.6548246513858,3066.7761343006887,3054.533515002083,3060.6548246513858,477
ETH-USD,2024-01-11 13:00:00,3087.629166927338,3093.8044252611926,3081.453908593483,3087.629166927338,343
ETH-USD,2024-01-11 14:00:00,3097.894139689077,3104.089927968455,3091.6983514096987,3097.894139689077,283
ETH-USD,2024-01-11 15:00:00,3088.229584256667,3094.40604342518,3082.0531250881536,3088.229584256667,429
ETH-USD,2024-01-11 16:00:00,3090.7919113740763,3096.9734951968244,3084.6103275513283,3090.7919113740763,401
ETH-USD,2024-01-11 17:00:00,3084.7582509605327,3090.9277674624536,3078.5887344586117,3084.7582509605327,407
ETH-USD,2024-01-11 18:00:00,3082.993623633329,3089.1596108805957,3076.8276363860627,3082.993623633329,339
ETH-USD,2024-01-11 19:00:00,3085.0046561180734,3091.1746654303097,3078.834646805837,3085.0046561180734,242
ETH-USD,2024-01-11 20:00:00,3084.718790619409,3090.888228200648,3078.54935303817,3084.718790619409,194
ETH-USD,2024-01-11 21:00:00,3103.2586347464294,3109.4651520159223,3097.0521174769365,3103.2586347464294,75
ETH-USD,2024-01-11 22:00:00,3105.1308218059016,3111.3410834495135,3098.92056016229,3105.1308218059016,125
ETH-USD,2024-01-11 23:00:00,3114.918079850229,3121.1479160099293,3108.6882436905285,3114.918079850229,377
ETH-USD,2024-01-12 00:00:00,3120.6934062673567,3126.9347930798913,3114.452019454822,3120.6934062673567,191
ETH-USD,2024-01-12 01:00:00,3122.013802752959,3128.2578303584646,3115.769775147453,3122.013802752959,102
ETH-USD,2024-01-12 02:00:00,3129.873642973174,3136.1333902591205,3123.6138956872273,3129.873642973174,495
ETH-USD,2024-01-12 03:00:00,3146.9193043284135,3153.21314293707,3140.625465719757,3146.9193043284135,269
ETH-USD,2024-01-12 04:00:00,3150.1520819625525,3156.4523861264774,3143.8517777986276,3150.1520819625525,112
ETH-USD,2024-01-12 05:00:00,3139.6467154409374,3145.9260088718192,3133.3674220100556,3139.6467154409374,122
ETH-USD,2024-01-12 06:00:00,3136.4960092600677,3142.769001278588,3130.2230172415475,3136.4960092600677,208
ETH-USD,2024-01-12 07:00:00,3138.4361608369086,3144.713033158582,3132.159288515235,3138.4361608369086,373
ETH-USD,2024-01-12 08:00:00,3149.952873012255,3156.25277875828,3143.6529672662305,3149.952873012255,181
ETH-USD,2024-01-12 09:00:00,3156.5132805899593,3162.826307151139,3150.2002540287795,3156.5132805899593,151
ETH-USD,2024-01-12 10:00:00,3165.0498305145943,3171.3799301756235,3158.719730853565,3165.0498305145943,446
ETH-USD,2024-01-12 11:00:00,3163.7313094903984,3170.0587721093793,3157.4038468714175,3163.7313094903984,328
ETH-USD,2024-01-12 12:00:00,3175.972638821721,3182.3245840993645,3169.6206935440773,3175.972638821721,393
ETH-USD,2024-01-12 13:00:00,3173.4820417933784,3179.8290058769653,3167.1350777097914,3173.4820417933784,359
ETH-USD,2024-01-12 14:00:00,3160.719611445344,3167.0410506682347,3154.3981722224535,3160.719611445344,114
ETH-USD,2024-01-12 15:00:00,3171.760965710853,3178.1044876422743,3165.4174437794313,3171.760965710853,125
ETH-USD,2024-01-12 16:00:00,3182.9088858609116,3189.2747036326336,3176.5430680891895,3182.9088858609116,452
ETH-USD,2024-01-12 17:00:00,3202.2771142534602,3208.6816684819673,3195.872560024953,3202.2771142534602,365
ETH-USD,2024-01-12 18:00:00,3223.529263060639,3229.9763215867606,3217.0822045345176,3223.529263060639,273
ETH-USD,2024-01-12 19:00:00,3234.2828378675367,3240.751403543272,3227.8142721918016,3234.2828378675367,340
ETH-USD,2024-01-12 20:00:00,3250.215062223379,3256.7154923478256,3243.7146320989323,3250.215062223379,379
ETH-USD,2024-01-12 21:00:00,3260.0614303649954,3266.581553225725,3253.5413075042657,3260.0614303649954,499
ETH-USD,2024-01-12 22:00:00,3238.0648596562937,3244.5409893756064,3231.588729936981,3238.0648596562937,331
ETH-USD,2024-01-12 23:00:00,3231.4301392633197,3237.892999541846,3224.967278984793,3231.4301392633197,377
ETH-USD,2024-01-13 00:00:00,3207.200174391451,3213.614574740234,3200.7857740426684,3207.200174391451,166
ETH-USD,2024-01-13 01:00:00,3229.2427086464527,3235.701194063746,3222.7842232291596,3229.2427086464527,270
ETH-USD,2024-01-13 02:00:00,3218.0364850828987,3224.4725580530644,3211.600412112733,3218.0364850828987,353
ETH-USD,2024-01-13 03:00:00,3203.238706152607,3209.6451835649123,3196.8322287403016,3203.238706152607,342
ETH-USD,2024-01-13 04:00:00,3201.79736509505,3208.20095982524,3195.39377036486,3201.79736509505,92
ETH-USD,2024-01-13 05:00:00,3186.0993175968306,3192.4715162320244,3179.7271189616367,3186.0993175968306,481
ETH-USD,2024-01-13 06:00:00,3201.6256453020987,3208.028896592703,3195.2223940114945,3201.6256453020987,413
ETH-USD,2024-01-13 07:00:00,3204.748513984929,3211.158011012899,3198.3390169569593,3204.748513984929,428
ETH-USD,2024-01-13 08:00:00,3217.427440812572,3223.862295694197,3210.992585930947,3217.427440812572,156
ETH-USD,2024-01-13 09:00:00,3218.265829977701,3224.7023616376564,3211.8292983177453,3218.265829977701,385
ETH-USD,2024-01-13 10:00:00,3225.593131821412,3232.044318085055,3219.1419455577693,3225.593131821412,330
ETH-USD,2024-01-13 11:00:00,3228.31415919906,3234.7707875174583,3221.857530880662,3228.31415919906,341
ETH-USD,2024-01-13 12:00:00,3226.484705643659,3232.9376750549463,3220.0317362323713,3226.484705643659,339
ETH-USD,2024-01-13 13:00:00,3231.8381530462652,3238.301829352358,3225.3744767401727,3231.8381530462652,383
ETH-USD,2024-01-13 14:00:00,3215.4240657755363,3221.8549139070874,3208.993217643985,3215.4240657755363,101
ETH-USD,2024-01-13 15:00:00,3214.4754549676904,3220.904405877626,3208.046504057755,3214.4754549676904,76
ETH-USD,2024-01-13 16:00:00,3215.032802441498,3221.462868046381,3208.602736836615,3215.032802441498,185
ETH-USD,2024-01-13 17:00:00,3222.456227193187,3228.901139647573,3216.0113147388006,3222.456227193187,193
ETH-USD,2024-01-13 18:00:00,3224.9141479865575,3231.3639762825305,3218.4643196905845,3224.9141479865575,51
ETH-USD,2024-01-13 19:00:00,3220.2759617279125,3226.7165136513686,3213.8354098044565,3220.2759617279125,482
ETH-USD,2024-01-13 20:00:00,3210.0486291809043,3216.468726439266,3203.6285319225426,3210.0486291809043,157
ETH-USD,2024-01-13 21:00:00,3210.656921769086,3217.0782356126238,3204.235607925548,3210.656921769086,123
ETH-USD,2024-01-13 22:00:00,3205.4525542972583,3211.8634594058526,3199.041649188664,3205.4525542972583,496
ETH-USD,2024-01-13 23:00:00,3210.390945421413,3216.811727312256,3203.97016353057,3210.390945421413,361
ETH-USD,2024-01-14 00:00:00,3204.932043147046,3211.34190723334,3198.522179060752,3204.932043147046,489
ETH-USD,2024-01-14 01:00:00,3210.011784486976,3216.43180805595,3203.591760918002,3210.011784486976,85
ETH-USD,2024-01-14 02:00:00,3202.089911173302,3208.4940909956485,3195.6857313509554,3202.089911173302,359
ETH-USD,2024-01-14 03:00:00,3200.645686112734,3207.0469774849594,3194.2443947405086,3200.645686112734,434
ETH-USD,2024-01-14 04:00:00,3205.2258458029587,3211.6362974945646,3198.815394111353,3205.2258458029587,96
ETH-USD,2024-01-14 05:00:00,3183.3317875172015,3189.698451092236,3176.965123942167,3183.3317875172015,428
ETH-USD,2024-01-14 06:00:00,3207.6465372940465,3214.0618303686347,3201.2312442194584,3207.6465372940465,75
ETH-USD,2024-01-14 07:00:00,3211.621355374964,3218.044598085714,3205.198112664214,3211.621355374964,58
ETH-USD,2024-01-14 08:00:00,3201.414256205164,3207.8170847175743,3195.0114276927534,3201.414256205164,170
ETH-USD,2024-01-14 09:00:00,3206.000798029889,3212.412799625949,3199.5887964338294,3206.000798029889,174
ETH-USD,2024-01-14 10:00:00,3207.6984839066067,3214.11388087442,3201.2830869387935,3207.6984839066067,98
ETH-USD,2024-01-14 11:00:00,3210.252490280057,3216.672995260617,3203.831985299497,3210.252490280057,203
ETH-USD,2024-01-14 12:00:00,3201.996288257569,3208.4002808340842,3195.592295681054,3201.996288257569,201
ETH-USD,2024-01-14 13:00:00,3191.8302740367385,3198.213934584812,3185.446613488665,3191.8302740367385,68
ETH-USD,2024-01-14 14:00:00,3196.000935065368,3202.3929369354987,3189.6089331952376,3196.000935065368,394
ETH-USD,2024-01-14 15:00:00,3204.555961543972,3210.96507346706,3198.146849620884,3204.555961543972,195
ETH-USD,2024-01-14 16:00:00,3199.097752926797,3205.4959484326505,3192.6995574209436,3199.097752926797,488
ETH-USD,2024-01-14 17:00:00,3203.245632547201,3209.652123812295,3196.8391412821065,3203.245632547201,291
ETH-USD,2024-01-14 18:00:00,3198.9486726889804,3205.3465700343586,3192.5507753436023,3198.9486726889804,157
ETH-USD,2024-01-14 19:00:00,3193.3243729245337,3199.7110216703827,3186.9377241786847,3193.3243729245337,275
ETH-USD,2024-01-14 20:00:00,3216.968246486026,3223.402182978998,3210.534309993054,3216.968246486026,199
ETH-USD,2024-01-14 21:00:00,3198.7069565511256,3205.104370464228,3192.3095426380232,3198.7069565511256,481
ETH-USD,2024-01-14 22:00:00,3188.502425827748,3194.8794306794034,3182.1254209760928,3188.502425827748,209
ETH-USD,2024-01-14 23:00:00,3181.4235016496355,3187.7863486529345,3175.0606546463364,3181.4235016496355,60
ETH-USD,2024-01-15 00:00:00,3176.102649249234,3182.454854547733,3169.7504439507356,3176.102649249234,490
ETH-USD,2024-01-15 01:00:00,3163.0507446320626,3169.3768461213267,3156.7246431427984,3163.0507446320626,303
ETH-USD,2024-01-15 02:00:00,3158.9246167820766,3165.2424660156407,3152.6067675485124,3158.9246167820766,312
ETH-USD,2024-01-15 03:00:00,3152.3772993572065,3158.6820539559208,3146.0725447584923,3152.3772993572065,134
ETH-USD,2024-01-15 04:00:00,3146.534563361176,3152.8276324878984,3140.2414942344535,3146.534563361176,174
ETH-USD,2024-01-15 05:00:00,3164.4367187383887,3170.7655921758655,3158.107845300912,3164.4367187383887,216
ETH-USD,2024-01-15 06:00:00,3174.334527786696,3180.6831968422694,3167.985858731123,3174.334527786696,117
ETH-USD,2024-01-15 07:00:00,3169.383962076155,3175.7227300003074,3163.0451941520028,3169.383962076155,267
ETH-USD,2024-01-15 08:00:00,3175.8618295820515,3182.213553241216,3169.5101059228873,3175.8618295820515,158
ETH-USD,2024-01-15 09:00:00,3173.2563755958377,3179.6028883470294,3166.909862844646,3173.2563755958377,85
ETH-USD,2024-01-15 10:00:00,3167.7189075895876,3174.054345404767,3161.3834697744082,3167.7189075895876,428
ETH-USD,2024-01-15 11:00:00,3158.075515342329,3164.3916663730133,3151.7593643116443,3158.075515342329,119
ETH-USD,2024-01-15 12:00:00,3152.51827436879,3158.8233109175276,3146.2132378200527,3152.51827436879,98
ETH-USD,2024-01-15 13:00:00,3150.6500741422665,3156.951374290551,3144.348773993982,3150.6500741422665,365
ETH-USD,2024-01-15 14:00:00,3152.8598069432173,3159.165526557104,3146.5540873293307,3152.8598069432173,279
ETH-USD,2024-01-15 15:00:00,3138.1432444030775,3144.419530891884,3131.866957914271,3138.1432444030775,249
ETH-USD,2024-01-15 16:00:00,3142.4986075302545,3148.783604745315,3136.213610315194,3142.4986075302545,430
ETH-USD,2024-01-15 17:00:00,3162.464685648202,3168.7896150194983,3156.1397562769052,3162.464685648202,107
ETH-USD,2024-01-15 18:00:00,3174.112065151288,3180.4602892815906,3167.763841020985,3174.112065151288,264
ETH-USD,2024-01-15 19:00:00,3162.593456695499,3168.91864360889,3156.268269782108,3162.593456695499,221
ETH-USD,2024-01-15 20:00:00,3169.187444135741,3175.5258190240124,3162.8490692474693,3169.187444135741,403
ETH-USD,2024-01-15 21:00:00,3187.6943214961134,3194.0697101391056,3181.318932853121,3187.6943214961134,335
ETH-USD,2024-01-15 22:00:00,3195.999318839301,3202.3913174769796,3189.6073202016223,3195.999318839301,491
ETH-USD,2024-01-15 23:00:00,3178.7789965870543,3185.136554580228,3172.4214385938803,3178.7789965870543,85
ETH-USD,2024-01-16 00:00:00,3179.832671598273,3186.1923369414694,3173.4730062550766,3179.832671598273,352
ETH-USD,2024-01-16 01:00:00,3183.4382341950095,3189.8051106633993,3177.0713577266197,3183.4382341950095,360
ETH-USD,2024-01-16 02:00:00,3174.700087157701,3181.0494873320167,3168.3506869833855,3174.700087157701,170
ETH-USD,2024-01-16 03:00:00,3175.4741759571502,3181.8251243090644,3169.123227605236,3175.4741759571502,104
ETH-USD,2024-01-16 04:00:00,3168.467206942139,3174.804141356023,3162.130272528255,3168.467206942139,445
ETH-USD,2024-01-16 05:00:00,3180.216769013277,3186.5772025513033,3173.8563354752505,3180.216769013277,185
ETH-USD,2024-01-16 06:00:00,3175.1229289818675,3181.4731748398312,3168.772683123904,3175.1229289818675,153
ETH-USD,2024-01-16 07:00:00,3161.719363195823,3168.0428019222145,3155.3959244694315,3161.719363195823,167
ETH-USD,2024-01-16 08:00:00,3173.225786658241,3179.5722382315575,3166.879335084924,3173.225786658241,198
ETH-USD,2024-01-16 09:00:00,3174.574885952544,3180.924035724449,3168.2257361806387,3174.574885952544,133
ETH-USD,2024-01-16 10:00:00,3167.4399091454093,3173.7747889637003,3161.1050293271182,3167.4399091454093,280
ETH-USD,2024-01-16 11:00:00,3169.5811880392234,3175.920350415302,3163.242025663145,3169.5811880392234,337
ETH-USD,2024-01-16 12:00:00,3170.8509942581186,3177.192696246635,3164.509292269602,3170.8509942581186,87
ETH-USD,2024-01-16 13:00:00,3169.4006168612736,3175.7394180949964,3163.061815627551,3169.4006168612736,275
ETH-USD,2024-01-16 14:00:00,3162.915696276776,3169.2415276693296,3156.5898648842226,3162.915696276776,410
ETH-USD,2024-01-16 15:00:00,3151.7712588234085,3158.0748013410553,3145.4677163057618,3151.7712588234085,390
ETH-USD,2024-01-16 16:00:00,3140.232775114954,3146.513240665184,3133.952309564724,3140.232775114954,498
ETH-USD,2024-01-16 17:00:00,3133.462289503475,3139.729214082482,3127.195364924468,3133.462289503475,380
ETH-USD,2024-01-16 18:00:00,3128.2852424180983,3134.5418129029345,3122.028671933262,3128.2852424180983,203
ETH-USD,2024-01-16 19:00:00,3135.9169546046223,3142.1887885138317,3129.645120695413,3135.9169546046223,245
ETH-USD,2024-01-16 20:00:00,3139.353615337275,3145.63232256795,3133.0749081066006,3139.353615337275,365
ETH-USD,2024-01-16 21:00:00,3152.558416130271,3158.8635329625313,3146.2532992980105,3152.558416130271,150
ETH-USD,2024-01-16 22:00:00,3152.805473604472,3159.111084551681,3146.499862657263,3152.805473604472,98
ETH-USD,2024-01-16 23:00:00,3129.456966753389,3135.715880686896,3123.1980528198824,3129.456966753389,91
ETH-USD,2024-01-17 00:00:00,3150.0354059787383,3156.335476790696,3143.7353351667807,3150.0354059787383,207
ETH-USD,2024-01-17 01:00:00,3156.467695805393,3162.7806311970035,3150.1547604137822,3156.467695805393,265
ETH-USD,2024-01-17 02:00:00,3173.2684291698097,3179.6149660281494,3166.92189231147,3173.2684291698097,116
ETH-USD,2024-01-17 03:00:00,3175.7461066085157,3182.097598821733,3169.3946143952985,3175.7461066085157,385
ETH-USD,2024-01-17 04:00:00,3181.2539659729155,3187.6164739048613,3174.8914580409696,3181.2539659729155,448
ETH-USD,2024-01-17 05:00:00,3176.2682843888883,3182.620820957666,3169.9157478201105,3176.2682843888883,454
ETH-USD,2024-01-17 06:00:00,3183.0553804148644,3189.421491175694,3176.689269654035,3183.0553804148644,499
ETH-USD,2024-01-17 07:00:00,3184.203434962964,3190.5718418328897,3177.835028093038,3184.203434962964,330
ETH-USD,2024-01-17 08:00:00,3165.392938307129,3171.7237241837433,3159.0621524305147,3165.392938307129,144
ETH-USD,2024-01-17 09:00:00,3163.3203862296627,3169.6470270021223,3156.993745457203,3163.3203862296627,319
ETH-USD,2024-01-17 10:00:00,3158.42113669048,3164.737978963861,3152.104294417099,3158.42113669048,474
ETH-USD,2024-01-17 11:00:00,3167.249960652636,3173.5844605739417,3160.9154607313308,3167.249960652636,439
ETH-USD,2024-01-17 12:00:00,3163.7180376176507,3170.045473692886,3157.3906015424154,3163.7180376176507,441
ETH-USD,2024-01-17 13:00:00,3154.2998394814736,3160.6084391604363,3147.991239802511,3154.2998394814736,454
ETH-USD,2024-01-17 14:00:00,3154.8359120285027,3161.14558385256,3148.5262402044455,3154.8359120285027,337
ETH-USD,2024-01-17 15:00:00,3159.84919319986,3166.1688915862596,3153.5294948134606,3159.84919319986,177
ETH-USD,2024-01-17 16:00:00,3142.763172203375,3149.0486985477814,3136.477645858968,3142.763172203375,383
ETH-USD,2024-01-17 17:00:00,3136.667504696537,3142.94083970593,3130.394169687144,3136.667504696537,69
ETH-USD,2024-01-17 18:00:00,3127.8283562791294,3134.084012991688,3121.572699566571,3127.8283562791294,439
ETH-USD,2024-01-17 19:00:00,3126.47631285141,3132.7292654771127,3120.2233602257074,3126.47631285141,209
ETH-USD,2024-01-17 20:00:00,3131.542261649452,3137.805346172751,3125.279177126153,3131.542261649452,109
ETH-USD,2024-01-17 21:00:00,3119.4936657518047,3125.7326530833084,3113.254678420301,3119.4936657518047,200
ETH-USD,2024-01-17 22:00:00,3117.4961647002046,3123.731157029605,3111.261172370804,3117.4961647002046,179
ETH-USD,2024-01-17 23:00:00,3131.438163742949,3137.7010400704353,3125.175287415463,3131.438163742949,431
ETH-USD,2024-01-18 00:00:00,3126.1430675166307,3132.3953536516638,3119.8907813815977,3126.1430675166307,378
ETH-USD,2024-01-18 01:00:00,3122.2891787601566,3128.533757117677,3116.044600402636,3122.2891787601566,205
ETH-USD,2024-01-18 02:00:00,3116.543517264367,3122.7766042988956,3110.3104302298384,3116.543517264367,129
ETH-USD,2024-01-18 03:00:00,3113.715537442586,3119.9429685174714,3107.4881063677008,3113.715537442586,449
ETH-USD,2024-01-18 04:00:00,3113.8620693360167,3120.0897934746886,3107.634345197345,3113.8620693360167,152
ETH-USD,2024-01-18 05:00:00,3107.054559511951,3113.268668630975,3100.8404503929273,3107.054559511951,89
ETH-USD,2024-01-18 06:00:00,3111.127331709557,3117.3495863729763,3104.9050770461376,3111.127331709557,357
ETH-USD,2024-01-18 07:00:00,3122.240088213215,3128.4845683896415,3115.995608036789,3122.240088213215,270
ETH-USD,2024-01-18 08:00:00,3126.919017747243,3133.1728557827373,3120.6651797117484,3126.919017747243,280
ETH-USD,2024-01-18 09:00:00,3148.3885882067443,3154.6853653831577,3142.091811030331,3148.3885882067443,227
ETH-USD,2024-01-18 10:00:00,3135.478192320082,3141.7491487047223,3129.207235935442,3135.478192320082,56
ETH-USD,2024-01-18 11:00:00,3133.363951272014,3139.6306791745583,3127.09722336947,3133.363951272014,204
ETH-USD,2024-01-18 12:00:00,3144.717469713442,3151.006904652869,3138.428034774015,3144.717469713442,278
ETH-USD,2024-01-18 13:00:00,3141.730145077033,3148.0136053671868,3135.446684786879,3141.730145077033,135
ETH-USD,2024-01-18 14:00:00,3139.5371680303033,3145.816242366364,3133.2580936942427,3139.5371680303033,279
ETH-USD,2024-01-18 15:00:00,3129.6807988411233,3135.9401604388054,3123.4214372434412,3129.6807988411233,128
ETH-USD,2024-01-18 16:00:00,3146.1045025922535,3152.396711597438,3139.8122935870692,3146.1045025922535,425
ETH-USD,2024-01-18 17:00:00,3153.598684662862,3159.905882032188,3147.291487293536,3153.598684662862,472
ETH-USD,2024-01-18 18:00:00,3139.0977879330044,3145.3759835088704,3132.8195923571384,3139.0977879330044,291
ETH-USD,2024-01-18 19:00:00,3148.825425687343,3155.1230765387177,3142.527774835968,3148.825425687343,262
ETH-USD,2024-01-18 20:00:00,3147.669678573972,3153.9650179311197,3141.374339216824,3147.669678573972,237
ETH-USD,2024-01-18 21:00:00,3143.560490888475,3149.847611870252,3137.2733699066985,3143.560490888475,444
ETH-USD,2024-01-18 22:00:00,3154.844975579942,3161.1546655311017,3148.5352856287823,3154.844975579942,232
ETH-USD,2024-01-18 23:00:00,3153.344566899107,3159.651256032905,3147.037877765309,3153.344566899107,166
ETH-USD,2024-01-19 00:00:00,3142.058179518704,3148.3422958777414,3135.7740631596666,3142.058179518704,101
ETH-USD,2024-01-19 01:00:00,3141.6802982014124,3147.9636587978152,3135.3969376050095,3141.6802982014124,161
ETH-USD,2024-01-19 02:00:00,3140.0502745140734,3146.3303750631017,3133.770173965045,3140.0502745140734,282
ETH-USD,2024-01-19 03:00:00,3156.1748265629503,3162.487176216076,3149.8624769098246,3156.1748265629503,270
ETH-USD,2024-01-19 04:00:00,3147.8915683788687,3154.1873515156262,3141.595785242111,3147.8915683788687,70
ETH-USD,2024-01-19 05:00:00,3126.3942374563353,3132.6470259312478,3120.141448981423,3126.3942374563353,91
ETH-USD,2024-01-19 06:00:00,3120.1188819925787,3126.359119756564,3113.8786442285937,3120.1188819925787,178
ETH-USD,2024-01-19 07:00:00,3129.85276074443,3136.1124662659186,3123.593055222941,3129.85276074443,179
ETH-USD,2024-01-19 08:00:00,3114.83757550369,3121.0672506546975,3108.6079003526825,3114.83757550369,59
ETH-USD,2024-01-19 09:00:00,3111.0369464779956,3117.2590203709515,3104.8148725850397,3111.0369464779956,291
ETH-USD,2024-01-19 10:00:00,3131.1713431472235,3137.4336858335178,3124.9090004609293,3131.1713431472235,339
ETH-USD,2024-01-19 11:00:00,3125.4815515201494,3131.7325146231897,3119.230588417109,3125.4815515201494,313
ETH-USD,2024-01-19 12:00:00,3128.0745479073375,3134.330697003152,3121.818398811523,3128.0745479073375,128
ETH-USD,2024-01-19 13:00:00,3135.577227705209,3141.8483821606196,3129.306073249799,3135.577227705209,450
ETH-USD,2024-01-19 14:00:00,3135.8782821482177,3142.1500387125143,3129.606525583921,3135.8782821482177,118
ETH-USD,2024-01-19 15:00:00,3128.790401937215,3135.0479827410895,3122.5328211333403,3128.790401937215,465
ETH-USD,2024-01-19 16:00:00,3128.5077269839767,3134.7647424379447,3122.2507115300086,3128.5077269839767,57
ETH-USD,2024-01-19 17:00:00,3130.9406237040575,3137.2025049514655,3124.6787424566496,3130.9406237040575,382
ETH-USD,2024-01-19 18:00:00,3141.207622231024,3147.4900374754857,3134.925206986562,3141.207622231024,201
ETH-USD,2024-01-19 19:00:00,3146.6296886066348,3152.922947983848,3140.3364292294214,3146.6296886066348,66
ETH-USD,2024-01-19 20:00:00,3133.9129658758247,3140.1807918075765,3127.645139944073,3133.9129658758247,188
ETH-USD,2024-01-19 21:00:00,3124.778104376478,3131.027660585231,3118.528548167725,3124.778104376478,485
ETH-USD,2024-01-19 22:00:00,3131.155139463642,3137.4174497425693,3124.892829184715,3131.155139463642,77
ETH-USD,2024-01-19 23:00:00,3142.031033143094,3148.31509520938,3135.746971076808,3142.031033143094,100
ETH-USD,2024-01-20 00:00:00,3153.207590893328,3159.5140060751146,3146.9011757115413,3153.207590893328,369
ETH-USD,2024-01-20 01:00:00,3160.008618003389,3166.3286352393957,3153.6886007673825,3160.008618003389,187
ETH-USD,2024-01-20 02:00:00,3165.764236535591,3172.095765008662,3159.43270806252,3165.764236535591,499
ETH-USD,2024-01-20 03:00:00,3178.216696267756,3184.5731296602917,3171.8602628752205,3178.216696267756,483
ETH-USD,2024-01-20 04:00:00,3176.20168064089,3182.5540840021717,3169.8492772796085,3176.20168064089,266
ETH-USD,2024-01-20 05:00:00,3175.08301422242,3181.4331802508646,3168.7328481939753,3175.08301422242,427
ETH-USD,2024-01-20 06:00:00,3184.248202703632,3190.6166991090395,3177.879706298225,3184.248202703632,315
ETH-USD,2024-01-20 07:00:00,3183.743245060291,3190.1107315504114,3177.3757585701705,3183.743245060291,198
ETH-USD,2024-01-20 08:00:00,3183.0453465565224,3189.4114372496356,3176.6792558634093,3183.0453465565224,307
ETH-USD,2024-01-20 09:00:00,3172.8562600162345,3179.201972536267,3166.510547496202,3172.8562600162345,423
ETH-USD,2024-01-20 10:00:00,3180.772171262174,3187.1337156046984,3174.41062691965,3180.772171262174,449
ETH-USD,2024-01-20 11:00:00,3180.5081289938416,3186.869145251829,3174.147112735854,3180.5081289938416,337
ETH-USD,2024-01-20 12:00:00,3170.2640716505016,3176.6045997938027,3163.9235435072005,3170.2640716505016,59
ETH-USD,2024-01-20 13:00:00,3173.728600322541,3180.076057523186,3167.3811431218955,3173.728600322541,320
ETH-USD,2024-01-20 14:00:00,3175.918039346205,3182.2698754248977,3169.5662032675127,3175.918039346205,202
ETH-USD,2024-01-20 15:00:00,3167.2639599774725,3173.5984878974273,3160.9294320575177,3167.2639599774725,364
ETH-USD,2024-01-20 16:00:00,3146.6864497314077,3152.9798226308703,3140.393076831945,3146.6864497314077,163
ETH-USD,2024-01-20 17:00:00,3155.883542929981,3162.195310015841,3149.571775844121,3155.883542929981,327
ETH-USD,2024-01-20 18:00:00,3158.866236215476,3165.183968687907,3152.548503743045,3158.866236215476,221
ETH-USD,2024-01-20 19:00:00,3157.2894881713387,3163.6040671476812,3150.974909194996,3157.2894881713387,337
ETH-USD,2024-01-20 20:00:00,3154.251151147324,3160.5596534496185,3147.9426488450295,3154.251151147324,454
ETH-USD,2024-01-20 21:00:00,3154.226532208172,3160.5349852725885,3147.9180791437557,3154.226532208172,171
ETH-USD,2024-01-20 22:00:00,3157.104380718169,3163.4185894796055,3150.7901719567326,3157.104380718169,317
ETH-USD,2024-01-20 23:00:00,3159.622788484509,3165.942034061478,3153.30354290754,3159.622788484509,282
ETH-USD,2024-01-21 00:00:00,3179.8027926435075,3186.1623982287947,3173.4431870582202,3179.8027926435075,198
ETH-USD,2024-01-21 01:00:00,3186.372373552349,3192.7451182994537,3179.9996288052444,3186.372373552349,175
ETH-USD,2024-01-21 02:00:00,3191.065660618368,3197.4477919396045,3184.6835292971314,3191.065660618368,184
ETH-USD,2024-01-21 03:00:00,3198.1007904218122,3204.496992002656,3191.7045888409684,3198.1007904218122,200
ETH-USD,2024-01-21 04:00:00,3188.134211580132,3194.5104800032923,3181.757943156972,3188.134211580132,135
ETH-USD,2024-01-21 05:00:00,3192.9441535379046,3199.3300418449803,3186.558265230829,3192.9441535379046,199
ETH-USD,2024-01-21 06:00:00,3196.772697464269,3203.1662428591976,3190.3791520693408,3196.772697464269,332
ETH-USD,2024-01-21 07:00:00,3190.5259776611324,3196.9070296164546,3184.1449257058102,3190.5259776611324,99
ETH-USD,2024-01-21 08:00:00,3190.8177083517576,3197.199343768461,3184.436072935054,3190.8177083517576,137
ETH-USD,2024-01-21 09:00:00,3176.536219524085,3182.889291963133,3170.183147085037,3176.536219524085,93
ETH-USD,2024-01-21 10:00:00,3179.479277275001,3185.838235829551,3173.120318720451,3179.479277275001,238
ETH-USD,2024-01-21 11:00:00,3195.7157487008076,3202.1071801982093,3189.324317203406,3195.7157487008076,402
ETH-USD,2024-01-21 12:00:00,3177.508065023541,3183.863081153588,3171.1530488934936,3177.508065023541,68
ETH-USD,2024-01-21 13:00:00,3178.255695167291,3184.6122065576255,3171.8991837769563,3178.255695167291,72
ETH-USD,2024-01-21 14:00:00,3185.438632060337,3191.809509324458,3179.0677547962164,3185.438632060337,416
ETH-USD,2024-01-21 15:00:00,3189.0811019927555,3195.459264196741,3182.70293978877,3189.0811019927555,330
ETH-USD,2024-01-21 16:00:00,3183.126658372943,3189.4929116896888,3176.760405056197,3183.126658372943,411
ETH-USD,2024-01-21 17:00:00,3187.692121413042,3194.067505655868,3181.316737170216,3187.692121413042,235
ETH-USD,2024-01-21 18:00:00,3185.6932160417136,3192.064602473797,3179.32182960963,3185.6932160417136,411
ETH-USD,2024-01-21 19:00:00,3177.564724318476,3183.9198537671127,3171.209594869839,3177.564724318476,403
